-432.789,-34.9154,667.158
-432.808,-34.9169,667.188
-433.732,-34.9915,668.613
-435.096,-35.1015,670.715
-435.063,-35.0989,670.665
-434.763,-35.0747,670.202
-434.416,-35.0467,669.666
-434.177,-35.0274,669.298
-433.961,-35.01,668.965
-434.263,-35.0343,669.43
-434.485,-35.0522,669.773
-434.505,-35.0538,669.803
-434.078,-35.0194,669.146
-433.227,-34.9508,667.834
-433.665,-34.9861,668.509
-433.882,-35.0036,668.843
-433.652,-34.9851,668.489
-433.884,-35.0038,668.847
-433.08,-34.9389,667.608
-432.773,-34.9141,667.134
-433.043,-34.9359,667.551
-433.152,-34.9447,667.718
-433.641,-34.9841,668.471
-433.368,-34.9622,668.052
-432.334,-34.8787,666.457
-432.3,-34.876,666.404
-433.013,-34.9335,667.504
-432.352,-34.8801,666.484
-432.764,-34.9134,667.12
-432.142,-34.8632,666.161

-75.3877,-61.3859,656.854
-75.3877,-61.3859,656.854
-75.3877,-61.3859,656.854
-75.3808,-61.3804,656.794
-75.3602,-61.3636,656.614
-75.3534,-61.358,656.555
-75.3534,-61.358,656.555
-75.3534,-61.358,656.555
-75.3602,-61.3636,656.614
-75.3671,-61.3692,656.674
-75.3671,-61.3692,656.674
-75.3739,-61.3748,656.734
-75.3808,-61.3804,656.794
-75.3808,-61.3804,656.794
-75.3808,-61.3804,656.794
-75.3877,-61.3859,656.854
-75.3877,-61.3859,656.854
-75.3877,-61.3859,656.854
-75.3877,-61.3859,656.854
-75.3945,-61.3915,656.913
-75.3945,-61.3915,656.913
-75.3877,-61.3859,656.854
-75.3808,-61.3804,656.794
-75.3808,-61.3804,656.794
-75.3877,-61.3859,656.854
-75.3877,-61.3859,656.854
-75.3877,-61.3859,656.854
-75.3877,-61.3859,656.854
-75.3808,-61.3804,656.794
-75.3671,-61.3692,656.674

421.099,-78.137,667.098
421.119,-78.1406,667.129
421.119,-78.1406,667.129
421.041,-78.1262,667.006
421.002,-78.119,666.945
420.963,-78.1117,666.883
420.924,-78.1045,666.821
420.885,-78.0973,666.76
420.944,-78.1082,666.852
420.944,-78.1082,666.852
420.983,-78.1154,666.914
420.924,-78.1045,666.821
420.963,-78.1117,666.883
421.002,-78.119,666.944
421.002,-78.119,666.944
421.041,-78.1262,667.006
421.099,-78.137,667.099
421.099,-78.137,667.099
421.158,-78.1478,667.191
421.119,-78.1406,667.129
421.177,-78.1515,667.222
421.177,-78.1515,667.222
421.235,-78.1623,667.315
421.274,-78.1695,667.376
421.333,-78.1804,667.469
421.333,-78.1804,667.469
421.274,-78.1695,667.376
421.391,-78.1912,667.561
421.352,-78.184,667.499
421.391,-78.1912,667.561

-582.641,-29.9082,1000.1
-582.681,-29.9103,1000.16
-582.681,-29.9103,1000.16
-582.722,-29.9124,1000.23
-582.722,-29.9124,1000.23
-582.802,-29.9165,1000.37
-582.802,-29.9165,1000.37
-582.762,-29.9144,1000.3
-582.762,-29.9144,1000.3
-582.722,-29.9124,1000.23
-582.762,-29.9144,1000.3
-582.722,-29.9124,1000.23
-582.722,-29.9124,1000.23
-582.722,-29.9124,1000.23
-582.762,-29.9144,1000.3
-582.641,-29.9082,1000.1
-582.601,-29.9062,1000.03
-582.601,-29.9061,1000.03
-582.601,-29.9061,1000.03
-582.601,-29.9061,1000.03
-582.56,-29.9041,999.957
-582.56,-29.9041,999.957
-582.52,-29.902,999.888
-582.48,-29.8999,999.819
-582.399,-29.8958,999.681
-582.44,-29.8979,999.75
-582.44,-29.8979,999.75
-582.44,-29.8979,999.75
-582.399,-29.8958,999.681
-582.399,-29.8958,999.681

-114.917,-42.8862,1012.28
-114.925,-42.8892,1012.35
-114.917,-42.8862,1012.28
-114.917,-42.8862,1012.28
-114.917,-42.8862,1012.28
-114.925,-42.8892,1012.35
-114.925,-42.8892,1012.35
-114.925,-42.8892,1012.35
-114.925,-42.8892,1012.35
-114.925,-42.8892,1012.35
-114.925,-42.8892,1012.35
-114.925,-42.8892,1012.35
-114.933,-42.8922,1012.42
-114.933,-42.8922,1012.42
-114.933,-42.8922,1012.42
-114.925,-42.8892,1012.35
-114.925,-42.8892,1012.35
-114.917,-42.8862,1012.28
-114.909,-42.8832,1012.21
-114.909,-42.8832,1012.21
-114.909,-42.8832,1012.21
-114.909,-42.8832,1012.21
-114.901,-42.8802,1012.14
-114.901,-42.8802,1012.14
-114.901,-42.8802,1012.14
-114.909,-42.8832,1012.21
-114.909,-42.8832,1012.21
-114.917,-42.8862,1012.28
-114.917,-42.8862,1012.28
-114.917,-42.8862,1012.28

374.39,-58.51,1020.79
374.416,-58.5141,1020.86
374.416,-58.5141,1020.86
374.416,-58.5141,1020.86
374.337,-58.5017,1020.64
374.364,-58.5058,1020.71
374.364,-58.5058,1020.71
374.364,-58.5058,1020.71
374.39,-58.51,1020.78
374.416,-58.5141,1020.86
374.39,-58.51,1020.78
374.416,-58.5141,1020.86
374.416,-58.5141,1020.86
374.416,-58.5141,1020.86
374.469,-58.5224,1021
374.443,-58.5182,1020.93
374.443,-58.5182,1020.93
374.443,-58.5182,1020.93
374.469,-58.5224,1021
374.443,-58.5183,1020.93
374.443,-58.5183,1020.93
374.416,-58.5141,1020.86
374.416,-58.5141,1020.86
374.39,-58.51,1020.79
374.39,-58.51,1020.79
374.39,-58.51,1020.79
374.39,-58.51,1020.79
374.39,-58.51,1020.79
374.364,-58.5059,1020.71
374.364,-58.5059,1020.71

-678.034,29.5526,1976.41
-677.941,29.5485,1976.14
-677.941,29.5485,1976.14
-677.848,29.5445,1975.87
-677.848,29.5445,1975.87
-677.941,29.5485,1976.14
-678.034,29.5526,1976.41
-678.127,29.5566,1976.68
-678.22,29.5607,1976.95
-678.127,29.5566,1976.68
-678.127,29.5566,1976.68
-678.22,29.5607,1976.95
-678.127,29.5566,1976.68
-678.22,29.5607,1976.95
-678.22,29.5607,1976.95
-678.22,29.5607,1976.95
-678.127,29.5566,1976.68
-678.034,29.5526,1976.41
-678.034,29.5526,1976.41
-678.034,29.5526,1976.41
-678.127,29.5566,1976.68
-678.22,29.5607,1976.95
-678.127,29.5566,1976.68
-678.127,29.5566,1976.68
-678.22,29.5607,1976.95
-678.127,29.5566,1976.68
-678.127,29.5566,1976.68
-678.313,29.5647,1977.22
-678.313,29.5647,1977.22
-678.499,29.5728,1977.76

-212.862,12.5068,2007.42
-212.862,12.5068,2007.42
-212.862,12.5068,2007.42
-212.891,12.5085,2007.7
-212.891,12.5085,2007.7
-212.862,12.5068,2007.42
-212.891,12.5085,2007.7
-212.891,12.5085,2007.7
-212.891,12.5085,2007.7
-212.862,12.5068,2007.42
-212.862,12.5068,2007.42
-212.862,12.5068,2007.42
-212.862,12.5068,2007.42
-212.862,12.5068,2007.42
-212.862,12.5068,2007.42
-212.862,12.5068,2007.42
-212.862,12.5068,2007.42
-212.862,12.5068,2007.42
-212.833,12.505,2007.14
-212.833,12.505,2007.14
-212.833,12.505,2007.14
-212.833,12.505,2007.14
-212.833,12.505,2007.14
-212.833,12.505,2007.14
-212.803,12.5033,2006.86
-212.833,12.505,2007.14
-212.774,12.5016,2006.58
-212.774,12.5016,2006.58
-212.803,12.5033,2006.86
-212.833,12.505,2007.14

281.024,-5.01246,2011.33
281.024,-5.01246,2011.33
280.946,-5.01107,2010.77
280.907,-5.01037,2010.49
280.829,-5.00897,2009.93
280.789,-5.00828,2009.65
280.789,-5.00828,2009.65
280.75,-5.00758,2009.37
280.711,-5.00688,2009.09
280.672,-5.00618,2008.81
280.672,-5.00618,2008.81
280.711,-5.00688,2009.09
280.711,-5.00688,2009.09
280.711,-5.00688,2009.09
280.672,-5.00618,2008.81
280.672,-5.00618,2008.81
280.711,-5.00688,2009.09
280.711,-5.00688,2009.09
280.711,-5.00688,2009.09
280.75,-5.00758,2009.37
280.829,-5.00897,2009.93
280.829,-5.00897,2009.93
280.829,-5.00897,2009.93
280.907,-5.01037,2010.49
280.946,-5.01107,2010.77
280.907,-5.01037,2010.49
280.868,-5.00967,2010.21
280.868,-5.00967,2010.21
280.907,-5.01037,2010.49
280.907,-5.01037,2010.49

-456.555,69.1248,2993.26
-519.039,74.5951,2993.26
-519.039,74.5951,2993.26
-519.039,74.5951,2993.26
-519.039,74.5951,2993.26
-519.039,74.5951,2993.26
-519.147,74.6106,2993.88
-519.147,74.6106,2993.88
-519.147,74.6106,2993.88
-519.147,74.6106,2993.88
-519.04,74.5953,2993.26
-519.04,74.5953,2993.26
-519.04,74.5953,2993.26
-519.04,74.5953,2993.26
-519.04,74.5953,2993.26
-519.148,74.6108,2993.89
-519.04,74.5953,2993.26
-519.04,74.5953,2993.26
-519.04,74.5953,2993.26
-519.04,74.5953,2993.26
-519.147,74.6106,2993.88
-519.147,74.6106,2993.88
-519.147,74.6106,2993.88
-519.147,74.6106,2993.88
-519.147,74.6106,2993.88
-519.039,74.5951,2993.26
-519.039,74.5951,2993.26
-519.039,74.5951,2993.26
-519.039,74.5951,2993.26
-519.039,74.5951,2993.26

-51.8696,59.2106,2969.91
-51.9015,59.247,2971.74
-51.9015,59.247,2971.74
-51.9121,59.2591,2972.34
-51.9015,59.247,2971.74
-51.9121,59.2591,2972.34
-51.9227,59.2713,2972.95
-51.9227,59.2713,2972.95
-51.944,59.2955,2974.17
-51.9227,59.2713,2972.95
-51.9121,59.2591,2972.34
-51.9121,59.2591,2972.34
-51.8908,59.2349,2971.13
-51.8696,59.2106,2969.91
-51.8696,59.2106,2969.91
-51.8696,59.2106,2969.91
-51.859,59.1985,2969.3
-51.859,59.1985,2969.3
-51.8483,59.1864,2968.7
-51.8696,59.2106,2969.91
-51.8696,59.2106,2969.91
-51.859,59.1985,2969.3
-51.8802,59.2228,2970.52
-51.9015,59.247,2971.74
-51.9121,59.2591,2972.34
-51.9015,59.247,2971.74
-51.9015,59.247,2971.74
-51.9015,59.247,2971.74
-51.8908,59.2349,2971.13
-51.8696,59.2106,2969.91

437.071,48.507,2994.5
437.162,48.5171,2995.13
437.162,48.5171,2995.13
437.253,48.5272,2995.75
437.253,48.5272,2995.75
437.253,48.5272,2995.75
437.344,48.5373,2996.37
437.435,48.5474,2997
437.435,48.5474,2997
437.435,48.5474,2997
437.253,48.5272,2995.75
437.253,48.5272,2995.75
437.162,48.5171,2995.13
437.162,48.5171,2995.13
437.253,48.5272,2995.75
437.253,48.5272,2995.75
437.162,48.5171,2995.13
437.071,48.507,2994.5
437.071,48.507,2994.5
437.162,48.5171,2995.13
437.162,48.5171,2995.13
437.162,48.5171,2995.13
437.162,48.5171,2995.13
437.071,48.507,2994.5
436.98,48.4969,2993.88
437.071,48.507,2994.5
437.071,48.507,2994.5
437.253,48.5272,2995.75
437.253,48.5272,2995.75
437.162,48.5171,2995.13

-587.859,133.225,3959.91
-587.859,133.225,3959.91
-587.859,133.225,3959.91
-587.859,133.225,3959.91
-587.698,133.188,3958.82
-587.698,133.188,3958.82
-587.536,133.152,3957.73
-587.375,133.115,3956.65
-587.536,133.152,3957.73
-587.213,133.078,3955.56
-587.375,133.115,3956.65
-587.213,133.078,3955.56
-587.375,133.115,3956.65
-587.375,133.115,3956.65
-587.375,133.115,3956.65
-587.536,133.152,3957.73
-588.021,133.262,3961
-588.182,133.298,3962.09
-587.859,133.225,3959.91
-587.859,133.225,3959.91
-587.698,133.188,3958.82
-587.698,133.188,3958.82
-587.375,133.115,3956.65
-587.213,133.078,3955.56
-587.213,133.078,3955.56
-587.213,133.078,3955.56
-587.051,133.042,3954.47
-587.052,133.042,3954.47
-587.052,133.042,3954.47
-587.213,133.078,3955.56

-159.151,122.414,3898.04
-111.662,121.231,3891.67
-111.632,121.198,3890.62
-111.662,121.231,3891.67
-111.662,121.231,3891.67
-111.692,121.263,3892.72
-111.692,121.263,3892.72
-111.753,121.329,3894.83
-111.753,121.329,3894.83
-111.692,121.263,3892.73
-111.692,121.263,3892.73
-111.692,121.263,3892.73
-111.692,121.263,3892.73
-111.692,121.263,3892.73
-111.662,121.231,3891.67
-111.662,121.231,3891.67
-111.662,121.231,3891.67
-111.632,121.198,3890.62
-111.632,121.198,3890.62
-111.662,121.231,3891.67
-111.753,121.329,3894.83
-111.813,121.395,3896.94
-111.813,121.395,3896.94
-111.813,121.395,3896.94
-111.843,121.427,3897.99
-111.813,121.395,3896.94
-111.813,121.395,3896.94
-111.843,121.427,3897.99
-111.843,121.427,3897.99
-111.813,121.395,3896.94

364.856,113.27,3952.29
364.856,113.27,3952.29
364.856,113.27,3952.29
364.756,113.238,3951.21
364.756,113.238,3951.21
364.856,113.27,3952.29
364.856,113.27,3952.29
364.856,113.27,3952.29
364.856,113.27,3952.29
364.756,113.238,3951.21
364.756,113.238,3951.21
364.756,113.238,3951.21
364.756,113.238,3951.21
364.756,113.238,3951.21
364.856,113.27,3952.29
364.756,113.238,3951.21
364.756,113.238,3951.21
364.756,113.238,3951.21
364.756,113.238,3951.21
364.756,113.238,3951.21
364.756,113.238,3951.21
364.756,113.238,3951.21
364.756,113.238,3951.21
364.756,113.238,3951.21
364.655,113.207,3950.12
364.655,113.207,3950.12
364.655,113.207,3950.12
364.756,113.238,3951.21
364.756,113.238,3951.21
364.756,113.238,3951.21

-576.65,177.696,4917.49
-576.65,177.696,4917.49
-576.65,177.696,4917.49
-576.65,177.696,4917.49
-576.65,177.696,4917.49
-576.65,177.696,4917.49
-576.65,177.696,4917.49
-576.65,177.696,4917.49
-576.65,177.696,4917.49
-576.65,177.696,4917.49
-576.65,177.696,4917.49
-576.65,177.696,4917.49
-576.65,177.696,4917.49
-576.65,177.696,4917.49
-576.65,177.696,4917.49
-576.65,177.696,4917.49
-576.65,177.696,4917.49
-576.65,177.696,4917.49
-576.65,177.696,4917.49
-576.65,177.696,4917.49
-576.65,177.696,4917.49
-576.65,177.696,4917.49
-576.65,177.696,4917.49
-576.65,177.696,4917.49
-576.65,177.696,4917.49
-576.65,177.696,4917.49
-576.65,177.696,4917.49
-576.65,177.696,4917.49
-576.65,177.696,4917.49
-576.65,177.696,4917.49

-113.434,161.009,4785.74
-113.396,160.955,4784.15
-113.396,160.955,4784.15
-113.396,160.955,4784.15
-113.51,161.116,4788.92
-113.585,161.223,4792.1
-113.585,161.223,4792.1
-113.623,161.276,4793.69
-113.51,161.116,4788.92
-113.51,161.116,4788.92
-113.547,161.169,4790.51
-113.623,161.276,4793.69
-113.623,161.276,4793.69
-113.623,161.276,4793.69
-113.585,161.223,4792.1
-113.547,161.169,4790.51
-113.623,161.276,4793.69
-113.547,161.169,4790.51
-113.585,161.223,4792.1
-113.547,161.169,4790.51
-113.547,161.169,4790.51
-113.51,161.116,4788.92
-113.51,161.116,4788.92
-113.472,161.062,4787.33
-113.434,161.009,4785.74
-113.396,160.955,4784.15
-113.321,160.848,4780.97
-113.321,160.848,4780.97
-113.283,160.795,4779.38
-113.246,160.741,4777.79

370.182,151.538,4864.58
370.182,151.538,4864.58
370.182,151.538,4864.58
370.306,151.588,4866.2
370.306,151.588,4866.2
370.182,151.538,4864.58
370.182,151.538,4864.58
370.306,151.588,4866.2
370.306,151.588,4866.2
370.306,151.588,4866.2
370.182,151.538,4864.58
370.182,151.538,4864.58
370.182,151.538,4864.58
370.182,151.538,4864.58
370.182,151.538,4864.58
370.306,151.588,4866.2
370.306,151.588,4866.2
370.306,151.588,4866.2
370.306,151.588,4866.2
370.306,151.588,4866.2
370.429,151.639,4867.82
370.429,151.639,4867.82
370.429,151.639,4867.82
370.429,151.639,4867.82
370.429,151.639,4867.82
370.429,151.639,4867.82
370.429,151.639,4867.82
370.429,151.639,4867.82
370.306,151.588,4866.2
370.182,151.538,4864.58

-586.344,244.644,5949.56
-586.344,244.644,5949.56
-586.344,244.644,5949.56
-586.344,244.644,5949.56
-586.344,244.644,5949.56
-586.344,244.644,5949.56
-586.344,244.644,5949.56
-586.344,244.644,5949.56
-586.106,244.545,5947.14
-586.106,244.545,5947.14
-586.106,244.545,5947.14
-586.106,244.545,5947.14
-586.106,244.545,5947.14
-586.106,244.545,5947.14
-586.106,244.545,5947.14
-586.106,244.545,5947.14
-586.106,244.545,5947.14
-586.106,244.545,5947.14
-586.344,244.644,5949.56
-586.344,244.644,5949.56
-586.344,244.644,5949.56
-586.106,244.545,5947.14
-586.106,244.545,5947.14
-586.106,244.545,5947.14
-586.106,244.545,5947.14
-586.106,244.545,5947.14
-586.106,244.545,5947.14
-586.106,244.545,5947.14
-585.868,244.445,5944.72
-585.868,244.445,5944.72

-239.391,225.927,5746.49
-176.3,222.508,5709.16
-128.982,219.944,5681.16
-113.21,219.089,5671.83
-113.21,219.089,5671.83
-113.21,219.089,5671.83
-113.21,219.089,5671.83
-113.21,219.089,5671.83
-113.21,219.089,5671.83
-113.21,219.089,5671.83
-113.21,219.089,5671.83
-113.21,219.089,5671.83
-113.21,219.089,5671.83
-113.21,219.089,5671.83
-113.21,219.089,5671.83
-113.21,219.089,5671.83
-113.21,219.089,5671.83
-113.21,219.089,5671.83
-113.21,219.089,5671.83
-113.21,219.089,5671.83
-113.21,219.089,5671.83
-113.21,219.089,5671.83
-113.21,219.089,5671.83
-113.165,219.002,5669.58
-113.21,219.089,5671.83
-113.255,219.176,5674.08
-113.255,219.176,5674.08
-113.255,219.176,5674.08
-113.255,219.176,5674.08
-113.255,219.176,5674.08

349.456,192.333,5716.83
349.043,192.106,5710.08
349.318,192.258,5714.58
349.043,192.106,5710.08
349.181,192.182,5712.33
349.318,192.258,5714.58
349.043,192.106,5710.08
349.043,192.106,5710.08
348.905,192.031,5707.83
348.768,191.955,5705.58
348.63,191.879,5703.33
348.905,192.031,5707.83
348.768,191.955,5705.58
349.043,192.106,5710.08
349.043,192.106,5710.08
349.318,192.258,5714.58
349.456,192.333,5716.83
349.043,192.106,5710.08
349.181,192.182,5712.33
349.318,192.258,5714.58
349.593,192.409,5719.08
349.593,192.409,5719.08
349.456,192.333,5716.83
349.456,192.333,5716.83
349.181,192.182,5712.33
349.181,192.182,5712.33
349.318,192.258,5714.58
349.456,192.333,5716.83
349.181,192.182,5712.33
349.043,192.106,5710.08

-632.857,273.35,6855.41
-632.857,273.35,6855.41
-632.857,273.35,6855.41
-633.155,273.479,6858.64
-633.155,273.479,6858.64
-632.857,273.35,6855.41
-632.857,273.35,6855.41
-633.155,273.479,6858.64
-633.454,273.608,6861.87
-633.454,273.608,6861.87
-632.857,273.35,6855.41
-632.857,273.35,6855.41
-632.26,273.092,6848.94
-631.663,272.834,6842.48
-631.365,272.706,6839.24
-631.365,272.706,6839.24
-631.365,272.706,6839.24
-631.663,272.834,6842.48
-631.663,272.834,6842.48
-631.663,272.834,6842.48
-631.663,272.834,6842.48
-631.365,272.706,6839.25
-631.365,272.706,6839.25
-631.962,272.963,6845.71
-632.26,273.092,6848.94
-632.559,273.221,6852.17
-632.559,273.221,6852.17
-632.26,273.092,6848.94
-632.26,273.092,6848.94
-631.962,272.963,6845.71

-164.199,264.217,6626.36
-164.454,263.723,6613.96
-164.709,263.229,6601.57
-164.709,263.229,6601.57
-164.709,263.229,6601.57
-164.709,263.229,6601.57
-164.709,263.229,6601.57
-164.709,263.229,6601.57
-164.709,263.229,6601.57
-164.709,263.229,6601.57
-164.709,263.229,6601.57
-164.709,263.229,6601.57
-164.709,263.229,6601.57
-164.709,263.229,6601.57
-164.709,263.229,6601.57
-164.709,263.229,6601.57
-164.709,263.229,6601.57
-164.709,263.229,6601.57
-164.709,263.229,6601.57
-164.709,263.229,6601.57
-164.709,263.229,6601.57
-164.709,263.229,6601.57
-164.709,263.229,6601.57
-164.709,263.229,6601.57
-164.709,263.229,6601.57
-164.709,263.229,6601.57
-164.709,263.229,6601.57
-164.709,263.229,6601.57
-164.709,263.229,6601.57
-164.709,263.229,6601.57

317.473,265.682,6878.03
317.473,265.682,6878.03
317.324,265.557,6874.8
317.324,265.557,6874.8
317.324,265.557,6874.8
317.473,265.682,6878.03
317.473,265.682,6878.03
317.473,265.682,6878.03
317.622,265.807,6881.26
317.622,265.807,6881.26
317.622,265.807,6881.26
317.622,265.807,6881.26
317.771,265.932,6884.5
317.771,265.932,6884.5
317.622,265.807,6881.26
317.473,265.682,6878.03
317.473,265.682,6878.03
317.473,265.682,6878.03
317.473,265.682,6878.03
317.473,265.682,6878.03
317.473,265.682,6878.03
317.473,265.682,6878.03
317.473,265.682,6878.03
317.473,265.682,6878.03
317.622,265.807,6881.26
317.771,265.932,6884.5
317.771,265.932,6884.5
317.473,265.682,6878.03
317.473,265.682,6878.03
317.473,265.682,6878.03

-610.731,324.074,7649.44
-610.731,324.074,7649.44
-610.731,324.074,7649.44
-610.731,324.074,7649.44
-610.731,324.074,7649.44
-610.731,324.074,7649.44
-610.731,324.074,7649.44
-610.731,324.074,7649.44
-610.731,324.074,7649.44
-610.731,324.074,7649.44
-610.731,324.074,7649.44
-610.731,324.074,7649.44
-610.731,324.074,7649.44
-610.731,324.074,7649.44
-610.731,324.074,7649.44
-610.731,324.074,7649.44
-610.731,324.074,7649.44
-610.731,324.074,7649.44
-610.731,324.074,7649.44
-610.731,324.074,7649.44
-610.731,324.074,7649.44
-610.731,324.074,7649.44
-610.731,324.074,7649.44
-610.731,324.074,7649.44
-610.731,324.074,7649.44
-610.731,324.074,7649.44
-610.731,324.074,7649.44
-610.731,324.074,7649.44
-610.731,324.074,7649.44
-610.731,324.074,7649.44

-159.691,309.628,7529.91
-159.691,309.628,7529.91
-159.691,309.628,7529.91
-159.691,309.628,7529.91
-159.691,309.628,7529.91
-159.691,309.628,7529.91
-159.691,309.628,7529.91
-159.691,309.628,7529.91
-159.691,309.628,7529.91
-159.691,309.628,7529.91
-159.691,309.628,7529.91
-159.691,309.628,7529.91
-159.691,309.628,7529.91
-159.691,309.628,7529.91
-159.691,309.628,7529.91
-159.691,309.628,7529.91
-159.691,309.628,7529.91
-159.691,309.628,7529.91
-159.691,309.628,7529.91
-159.691,309.628,7529.91
-159.691,309.628,7529.91
-159.691,309.628,7529.91
-159.691,309.628,7529.91
-159.691,309.628,7529.91
-159.691,309.628,7529.91
-159.691,309.628,7529.91
-159.691,309.628,7529.91
-159.691,309.628,7529.91
-159.691,309.628,7529.91
-159.691,309.628,7529.91

321.409,311.594,7577.72
321.747,311.921,7585.69
321.916,312.085,7589.67
321.409,311.594,7577.72
321.24,311.43,7573.74
321.578,311.758,7581.71
321.578,311.758,7581.71
321.409,311.594,7577.72
321.24,311.43,7573.74
321.24,311.43,7573.74
321.071,311.266,7569.75
321.24,311.43,7573.74
321.24,311.43,7573.74
321.578,311.758,7581.71
321.578,311.758,7581.71
321.747,311.921,7585.69
321.916,312.085,7589.67
322.085,312.249,7593.66
322.085,312.249,7593.66
322.592,312.741,7605.61
322.93,313.068,7613.58
322.761,312.904,7609.59
322.592,312.741,7605.61
322.423,312.577,7601.63
322.592,312.741,7605.61
322.254,312.413,7597.64
322.254,312.413,7597.64
322.085,312.249,7593.66
322.254,312.413,7597.64
321.747,311.921,7585.69

-590.453,364.583,8605.62
-590.453,364.583,8605.62
-590.453,364.583,8605.62
-590.453,364.583,8605.62
-590.811,364.804,8610.84
-590.811,364.804,8610.84
-590.811,364.804,8610.84
-590.811,364.804,8610.84
-590.811,364.804,8610.84
-590.811,364.804,8610.84
-590.811,364.804,8610.84
-590.811,364.804,8610.84
-591.169,365.025,8616.05
-591.169,365.025,8616.05
-590.811,364.804,8610.84
-590.811,364.804,8610.84
-590.811,364.804,8610.84
-590.811,364.804,8610.84
-590.811,364.804,8610.84
-590.811,364.804,8610.84
-591.169,365.025,8616.05
-591.169,365.025,8616.05
-590.811,364.804,8610.83
-590.811,364.804,8610.83
-590.811,364.804,8610.83
-590.811,364.804,8610.83
-590.811,364.804,8610.83
-590.811,364.804,8610.83
-590.811,364.804,8610.83
-590.811,364.804,8610.83

-138.419,404.14,8535.16
-138.419,404.14,8535.16
-138.256,403.663,8525.1
-138.419,404.14,8535.16
-138.501,404.378,8540.19
-138.419,404.14,8535.16
-138.256,403.663,8525.1
-138.093,403.186,8515.03
-138.093,403.186,8515.03
-138.093,403.186,8515.03
-137.848,402.472,8499.93
-137.685,401.995,8489.87
-137.766,402.233,8494.9
-137.766,402.233,8494.9
-137.766,402.233,8494.9
-137.848,402.472,8499.93
-137.848,402.472,8499.93
-137.929,402.71,8504.96
-137.929,402.71,8504.96
-137.929,402.71,8504.96
-138.011,402.948,8510
-138.093,403.186,8515.03
-138.174,403.425,8520.06
-138.093,403.186,8515.03
-138.093,403.186,8515.03
-138.011,402.948,8510
-138.093,403.186,8515.03
-138.093,403.186,8515.03
-138.011,402.948,8510
-138.174,403.425,8520.06

210.347,368.735,8469.74
255.863,364.044,8459.67
301.297,359.592,8454.64
316.603,358.4,8459.67
316.603,358.4,8459.67
316.792,358.614,8464.71
316.792,358.614,8464.71
316.792,358.614,8464.71
316.792,358.614,8464.71
316.792,358.614,8464.71
316.792,358.614,8464.71
316.98,358.827,8469.74
316.98,358.827,8469.74
316.792,358.614,8464.71
316.98,358.827,8469.74
316.792,358.614,8464.71
316.792,358.614,8464.71
316.98,358.827,8469.74
316.98,358.827,8469.74
316.98,358.827,8469.74
317.168,359.04,8474.77
316.98,358.827,8469.74
316.98,358.827,8469.74
316.98,358.827,8469.74
316.792,358.614,8464.71
316.792,358.614,8464.71
316.792,358.614,8464.71
316.603,358.4,8459.67
316.603,358.4,8459.67
316.603,358.4,8459.67

-612.154,418.951,9087.12
-612.154,418.951,9087.12
-612.154,418.951,9087.12
-612.154,418.951,9087.12
-612.547,419.22,9092.95
-612.547,419.22,9092.95
-612.547,419.22,9092.95
-612.547,419.22,9092.95
-612.168,418.961,9087.33
-612.168,418.961,9087.33
-612.168,418.961,9087.33
-612.561,419.23,9093.16
-612.183,418.971,9087.55
-612.183,418.971,9087.55
-611.79,418.702,9081.72
-612.168,418.961,9087.33
-612.168,418.961,9087.33
-612.168,418.961,9087.33
-612.547,419.22,9092.95
-612.547,419.22,9092.95
-612.939,419.489,9098.77
-612.547,419.22,9092.95
-612.546,419.22,9092.95
-612.546,419.22,9092.95
-612.546,419.22,9092.95
-612.546,419.22,9092.95
-612.168,418.961,9087.33
-612.168,418.961,9087.33
-612.168,418.961,9087.33
-612.168,418.961,9087.33

-182.077,409.197,9122.09
-182.193,409.459,9127.92
-182.193,409.459,9127.92
-182.077,409.197,9122.09
-182.193,409.459,9127.92
-181.961,408.936,9116.26
-181.961,408.936,9116.26
-182.073,409.187,9121.87
-182.073,409.187,9121.87
-182.189,409.449,9127.7
-182.189,409.449,9127.7
-182.073,409.187,9121.87
-181.956,408.926,9116.04
-181.84,408.665,9110.22
-181.84,408.665,9110.22
-181.84,408.665,9110.22
-181.956,408.926,9116.04
-182.189,409.449,9127.7
-182.189,409.449,9127.7
-182.073,409.187,9121.87
-182.189,409.449,9127.7
-182.189,409.449,9127.7
-182.305,409.71,9133.53
-182.422,409.972,9139.36
-182.305,409.71,9133.53
-182.305,409.71,9133.53
-182.077,409.197,9122.09
-182.077,409.197,9122.09
-182.193,409.459,9127.92
-182.193,409.459,9127.92

282.912,423.875,9449.31
282.912,423.875,9449.31
282.912,423.875,9449.31
282.912,423.875,9449.31
282.912,423.875,9449.31
282.912,423.875,9449.31
282.912,423.875,9449.31
282.912,423.875,9449.31
282.912,423.875,9449.31
282.912,423.875,9449.31
282.912,423.875,9449.31
282.912,423.875,9449.31
282.549,423.332,9437.19
282.549,423.332,9437.19
282.549,423.332,9437.19
282.549,423.332,9437.19
282.549,423.332,9437.19
282.368,423.06,9431.14
282.368,423.06,9431.14
282.368,423.06,9431.14
282.368,423.06,9431.14
282.368,423.06,9431.14
282.731,423.604,9443.25
282.731,423.604,9443.25
282.731,423.604,9443.25
282.919,423.886,9449.55
282.919,423.886,9449.55
282.919,423.886,9449.55
283.101,424.158,9455.61
283.101,424.158,9455.61

-363.218,462.878,10039.9
-363.218,462.878,10039.9
-363.218,462.878,10039.9
-363.218,462.878,10039.9
-363.218,462.878,10039.9
-363.218,462.878,10039.9
-363.218,462.878,10039.9
-363.218,462.878,10039.9
-363.218,462.878,10039.9
-363.218,462.878,10039.9
-363.218,462.878,10039.9
-363.218,462.878,10039.9
-363.218,462.878,10039.9
-363.218,462.878,10039.9
-363.218,462.878,10039.9
-363.218,462.878,10039.9
-363.218,462.878,10039.9
-363.218,462.878,10039.9
-363.218,462.878,10039.9
-363.218,462.878,10039.9
-363.218,462.878,10039.9
-363.218,462.878,10039.9
-363.218,462.878,10039.9
-363.218,462.878,10039.9
-363.218,462.878,10039.9
-363.218,462.878,10039.9
-363.218,462.878,10039.9
-363.218,462.878,10039.9
-363.218,462.878,10039.9
-363.218,462.878,10039.9

63.9118,472.398,10246.4
63.9118,472.398,10246.4
63.9118,472.398,10246.4
63.9563,472.727,10253.5
63.9563,472.727,10253.5
63.9118,472.398,10246.4
63.9118,472.398,10246.4
63.9118,472.398,10246.4
63.9118,472.398,10246.4
63.9118,472.398,10246.4
63.9118,472.398,10246.4
63.9118,472.398,10246.4
63.9118,472.398,10246.4
63.9118,472.398,10246.4
63.9118,472.398,10246.4
63.9563,472.727,10253.5
63.9118,472.398,10246.4
63.9118,472.398,10246.4
63.9118,472.398,10246.4
63.9118,472.398,10246.4
63.9118,472.398,10246.4
63.9118,472.398,10246.4
63.9118,472.398,10246.4
63.9118,472.398,10246.4
63.9118,472.398,10246.4
63.9118,472.398,10246.4
63.9118,472.398,10246.4
63.9118,472.398,10246.4
63.9118,472.398,10246.4
63.9118,472.398,10246.4

526.786,438.479,10054.1
526.786,438.479,10054.1
526.786,438.479,10054.1
526.786,438.479,10054.1
526.786,438.479,10054.1
526.413,438.168,10047
526.413,438.168,10047
526.04,437.857,10039.9
526.413,438.168,10047
526.413,438.168,10047
526.413,438.168,10047
526.413,438.168,10047
527.159,438.789,10061.2
527.905,439.41,10075.5
527.905,439.41,10075.5
528.652,440.031,10089.7
528.652,440.031,10089.7
528.652,440.031,10089.7
528.279,439.721,10082.6
528.652,440.031,10089.7
529.025,440.342,10096.9
528.652,440.031,10089.7
528.652,440.031,10089.7
527.905,439.41,10075.5
527.532,439.1,10068.4
527.532,439.1,10068.4
527.159,438.789,10061.2
527.159,438.789,10061.2
527.159,438.789,10061.2
526.786,438.479,10054.1

